playground/dataset/RoboTwin_Astribot_lerobot/beat_block_hammer_rotate_view/data/chunk-000/episode_000073.parquet	134	terminate called without an active exception
playground/dataset/RoboTwin_Astribot_lerobot/blocks_ranking_rgb_fan_double/data/chunk-000/episode_000019.parquet	134	terminate called without an active exception
playground/dataset/RoboTwin_Astribot_lerobot/blocks_ranking_rgb_fan_double/data/chunk-000/episode_000020.parquet	134	terminate called without an active exception
playground/dataset/RoboTwin_Astribot_lerobot/blocks_ranking_rgb_rotate_view/data/chunk-000/episode_000091.parquet	134	terminate called without an active exception
playground/dataset/RoboTwin_Astribot_lerobot/blocks_ranking_size_fan_double/data/chunk-000/episode_000069.parquet	134	terminate called without an active exception
playground/dataset/RoboTwin_Astribot_lerobot/blocks_ranking_size_fan_double/data/chunk-000/episode_000078.parquet	134	terminate called without an active exception
playground/dataset/RoboTwin_Astribot_lerobot/blocks_ranking_size_rotate_view/data/chunk-000/episode_000014.parquet	134	terminate called without an active exception
playground/dataset/RoboTwin_Astribot_lerobot/blocks_ranking_size_rotate_view/data/chunk-000/episode_000035.parquet	134	terminate called without an active exception
playground/dataset/RoboTwin_Astribot_lerobot/blocks_ranking_size_rotate_view/data/chunk-000/episode_000043.parquet	134	terminate called without an active exception
playground/dataset/RoboTwin_Astribot_lerobot/blocks_ranking_size_rotate_view/data/chunk-000/episode_000093.parquet	134	terminate called without an active exception
playground/dataset/RoboTwin_Astribot_lerobot/check_cola_color/data/chunk-000/episode_000000.parquet	134	terminate called without an active exception
playground/dataset/RoboTwin_Astribot_lerobot/check_cola_color/data/chunk-000/episode_000041.parquet	134	terminate called without an active exception
playground/dataset/RoboTwin_Astribot_lerobot/count_target_press_button/data/chunk-000/episode_000004.parquet	134	terminate called without an active exception
playground/dataset/RoboTwin_Astribot_lerobot/match_backside_two_blocks/data/chunk-000/episode_000032.parquet	134	terminate called without an active exception
playground/dataset/RoboTwin_Astribot_lerobot/match_backside_two_blocks/data/chunk-000/episode_000050.parquet	134	terminate called without an active exception
playground/dataset/RoboTwin_Astribot_lerobot/move_pillbottle_pad_rotate_view/data/chunk-000/episode_000062.parquet	134	terminate called without an active exception
playground/dataset/RoboTwin_Astribot_lerobot/move_pillbottle_pad_rotate_view/data/chunk-000/episode_000079.parquet	134	terminate called without an active exception
playground/dataset/RoboTwin_Astribot_lerobot/place_cans_plasticbox_rotate_view/data/chunk-000/episode_000023.parquet	134	terminate called without an active exception
playground/dataset/RoboTwin_Astribot_lerobot/place_empty_cup_rotate_view/data/chunk-000/episode_000007.parquet	1	OSError: Corrupt snappy compressed data.
playground/dataset/RoboTwin_Astribot_lerobot/place_fan_rotate_view/data/chunk-000/episode_000003.parquet	1	OSError: Corrupt snappy compressed data.
playground/dataset/RoboTwin_Astribot_lerobot/place_object_scale_rotate_view/data/chunk-000/episode_000059.parquet	134	terminate called without an active exception
playground/dataset/RoboTwin_Astribot_lerobot/place_object_scale_rotate_view/data/chunk-000/episode_000067.parquet	134	terminate called without an active exception
playground/dataset/RoboTwin_Astribot_lerobot/put_block_on_upper_easy/data/chunk-000/episode_000089.parquet	134	terminate called without an active exception
playground/dataset/RoboTwin_Astribot_lerobot/rank_backside_rgb_blocks/data/chunk-000/episode_000030.parquet	134	terminate called without an active exception
playground/dataset/RoboTwin_Astribot_lerobot/rank_backside_rgb_blocks/data/chunk-000/episode_000040.parquet	134	terminate called without an active exception
playground/dataset/RoboTwin_Astribot_lerobot/rank_backside_rgb_blocks/data/chunk-000/episode_000050.parquet	134	terminate called without an active exception
playground/dataset/RoboTwin_Astribot_lerobot/rank_backside_rgb_blocks/data/chunk-000/episode_000059.parquet	134	terminate called without an active exception
playground/dataset/RoboTwin_Astribot_lerobot/rank_backside_rgb_blocks/data/chunk-000/episode_000089.parquet	134	terminate called without an active exception
playground/dataset/RoboTwin_Astribot_lerobot/stack_blocks_two_rotate_view/data/chunk-000/episode_000033.parquet	134	terminate called without an active exception
playground/dataset/RoboTwin_Astribot_lerobot/stamp_seal_rotate_view/data/chunk-000/episode_000084.parquet	134	terminate called without an active exception
